https://www.trulia.com/p/ca/carlsbad/2554-muirfields-dr-carlsbad-ca-92009--2079331867,2554 Muirfields Dr,Carlsbad,CA,92009,Bressi Ranch,33.12011719573,-117.2587287589,5bd,5ba,6219,single-family home,0.56 acres,Built in 2014,05/19/2014,Sold,$1.45M,,,,
https://www.trulia.com/p/ca/carlsbad/2554-muirfields-dr-carlsbad-ca-92009--2079331867,2554 Muirfields Dr,Carlsbad,CA,92009,Bressi Ranch,33.12011719573,-117.2587287589,5bd,5ba,6219,single-family home,0.56 acres,Built in 2014,10/05/2011,Sold,$297K,,,,
https://www.trulia.com/p/ca/carlsbad/2681-paradise-rd-carlsbad-ca-92009--2079332579,2681 Paradise Rd,Carlsbad,CA,92009,Bressi Ranch,33.12494146877,-117.25479823036,4bd,3ba,2693,single-family home,4702 sqft,Built in 2005,08/08/2012,Sold,$670K,,,,2
https://www.trulia.com/p/ca/carlsbad/2681-paradise-rd-carlsbad-ca-92009--2079332579,2681 Paradise Rd,Carlsbad,CA,92009,Bressi Ranch,33.12494146877,-117.25479823036,4bd,3ba,2693,single-family home,4702 sqft,Built in 2005,10/21/2008,Sold,$725K,,,,2
https://www.trulia.com/p/ca/carlsbad/2681-paradise-rd-carlsbad-ca-92009--2079332579,2681 Paradise Rd,Carlsbad,CA,92009,Bressi Ranch,33.12494146877,-117.25479823036,4bd,3ba,2693,single-family home,4702 sqft,Built in 2005,10/14/2005,Sold,$745K,,,,2
https://www.trulia.com/p/ca/carlsbad/2962-las-olas-ct-carlsbad-ca-92009--2079334041,2962 Las Olas Ct,Carlsbad,CA,92009,,33.06503286011,-117.24631690273,4bd,4ba,3998,single-family home,,Built in 2002,02/09/2005,Sold,$1.29M,,,,
https://www.trulia.com/p/ca/carlsbad/2962-las-olas-ct-carlsbad-ca-92009--2079334041,2962 Las Olas Ct,Carlsbad,CA,92009,,33.06503286011,-117.24631690273,4bd,4ba,3998,single-family home,,Built in 2002,11/01/2001,Sold,$790K,,,,
https://www.trulia.com/p/ca/carlsbad/7080-montanes-ln-carlsbad-ca-92009--2079339906,7080 Montanes Ln,Carlsbad,CA,92009,Rancho La Costa,33.096600820009,-117.25532601243,4bd,2ba,2057,single-family home,5876 sqft,Built in 1990,12/31/2014,Sold,$630K,,,,
https://www.trulia.com/p/ca/carlsbad/7080-montanes-ln-carlsbad-ca-92009--2079339906,7080 Montanes Ln,Carlsbad,CA,92009,Rancho La Costa,33.096600820009,-117.25532601243,4bd,2ba,2057,single-family home,5876 sqft,Built in 1990,08/27/2001,Sold,$399K,,,,
https://www.trulia.com/p/ca/carlsbad/7080-montanes-ln-carlsbad-ca-92009--2079339906,7080 Montanes Ln,Carlsbad,CA,92009,Rancho La Costa,33.096600820009,-117.25532601243,4bd,2ba,2057,single-family home,5876 sqft,Built in 1990,10/03/1996,Sold,$248K,,,,
https://www.trulia.com/p/ca/carlsbad/6116-paseo-valla-carlsbad-ca-92009--1011553092,6116 Paseo Valla,Carlsbad,CA,92009,Rancho Carrillo,33.128192189447,-117.24417955994,3bd,2ba,1140,condo,5.14 acres,Built in 2002,07/18/2019,Sold,$455K,,,,
https://www.trulia.com/p/ca/carlsbad/6116-paseo-valla-carlsbad-ca-92009--1011553092,6116 Paseo Valla,Carlsbad,CA,92009,Rancho Carrillo,33.128192189447,-117.24417955994,3bd,2ba,1140,condo,5.14 acres,Built in 2002,08/31/2012,Sold,$226K,,,,
https://www.trulia.com/p/ca/carlsbad/6116-paseo-valla-carlsbad-ca-92009--1011553092,6116 Paseo Valla,Carlsbad,CA,92009,Rancho Carrillo,33.128192189447,-117.24417955994,3bd,2ba,1140,condo,5.14 acres,Built in 2002,05/28/2008,Sold,$292K,,,,
https://www.trulia.com/p/ca/carlsbad/6116-paseo-valla-carlsbad-ca-92009--1011553092,6116 Paseo Valla,Carlsbad,CA,92009,Rancho Carrillo,33.128192189447,-117.24417955994,3bd,2ba,1140,condo,5.14 acres,Built in 2002,04/09/2008,Sold,$288K,,,,
https://www.trulia.com/p/ca/carlsbad/6116-paseo-valla-carlsbad-ca-92009--1011553092,6116 Paseo Valla,Carlsbad,CA,92009,Rancho Carrillo,33.128192189447,-117.24417955994,3bd,2ba,1140,condo,5.14 acres,Built in 2002,03/24/2005,Sold,$426K,,,,
https://www.trulia.com/p/ca/carlsbad/6116-paseo-valla-carlsbad-ca-92009--1011553092,6116 Paseo Valla,Carlsbad,CA,92009,Rancho Carrillo,33.128192189447,-117.24417955994,3bd,2ba,1140,condo,5.14 acres,Built in 2002,09/29/2003,Sold,$340K,,,,
https://www.trulia.com/p/ca/carlsbad/8031-sitio-caucho-carlsbad-ca-92009--2079343308,8031 Sitio Caucho,Carlsbad,CA,92009,Rancho La Costa,33.074235089663,-117.25006170253,3bd,3ba,2716,single-family home,0.27 acres,Built in 2001,05/21/2008,Sold,$930K,,,,
https://www.trulia.com/p/ca/carlsbad/8031-sitio-caucho-carlsbad-ca-92009--2079343308,8031 Sitio Caucho,Carlsbad,CA,92009,Rancho La Costa,33.074235089663,-117.25006170253,3bd,3ba,2716,single-family home,0.27 acres,Built in 2001,04/29/2003,Sold,$710K,,,,
https://www.trulia.com/p/ca/carlsbad/8031-sitio-caucho-carlsbad-ca-92009--2079343308,8031 Sitio Caucho,Carlsbad,CA,92009,Rancho La Costa,33.074235089663,-117.25006170253,3bd,3ba,2716,single-family home,0.27 acres,Built in 2001,10/31/2000,Sold,$581K,,,,
https://www.trulia.com/p/ca/carlsbad/7952-paseo-aliso-carlsbad-ca-92009--1014639414,7952 Paseo Aliso,Carlsbad,CA,92009,Rancho La Costa,33.070281371125,-117.26002437012,4bd,2ba,2221,single-family home,9239 sqft,Built in 1999,04/28/2009,Sold,$670K,,,,
https://www.trulia.com/p/ca/carlsbad/7952-paseo-aliso-carlsbad-ca-92009--1014639414,7952 Paseo Aliso,Carlsbad,CA,92009,Rancho La Costa,33.070281371125,-117.26002437012,4bd,2ba,2221,single-family home,9239 sqft,Built in 1999,01/25/1999,Sold,$400K,,,,
https://www.trulia.com/p/ca/carlsbad/8008-paseo-esmerado-carlsbad-ca-92009--2079343251,8008 Paseo Esmerado,Carlsbad,CA,92009,La Costa Oaks,33.062122398967,-117.22619852767,5bd,4ba,5083,single-family home,,Built in 2000,10/01/2003,Sold,$1.59M,,,,
https://www.trulia.com/p/ca/carlsbad/6970-feldspar-pl-carlsbad-ca-92009--1041973930,6970 Feldspar Pl,Carlsbad,CA,92009,La Costa Greens,33.104699158712,-117.26350114164,3bd,2ba,1615,condo,0.78 acres,Built in 2010,11/10/2011,Sold,$476K,,,,2
https://www.trulia.com/p/ca/carlsbad/6775-via-casa-del-sol-carlsbad-ca-92009--2079338786,6775 Via Casa Del Sol,Carlsbad,CA,92009,Rancho La Costa,33.10706972691,-117.23943267719,3bd,2ba,2200,condo,,Built in 1999,02/18/2000,Sold,$295K,,,,
https://www.trulia.com/p/ca/carlsbad/6613-corte-real-carlsbad-ca-92009--1017964577,6613 Corte Real,Carlsbad,CA,92009,Rancho La Costa,33.110936799949,-117.23022442196,4bd,2ba,1932,single-family home,4922 sqft,Built in 1990,02/15/2019,Sold,$640K,,,,2
https://www.trulia.com/p/ca/carlsbad/6613-corte-real-carlsbad-ca-92009--1017964577,6613 Corte Real,Carlsbad,CA,92009,Rancho La Costa,33.110936799949,-117.23022442196,4bd,2ba,1932,single-family home,4922 sqft,Built in 1990,02/27/2002,Sold,$343K,,,,2
https://www.trulia.com/p/ca/carlsbad/6613-corte-real-carlsbad-ca-92009--1017964577,6613 Corte Real,Carlsbad,CA,92009,Rancho La Costa,33.110936799949,-117.23022442196,4bd,2ba,1932,single-family home,4922 sqft,Built in 1990,09/23/1998,Sold,$263K,,,,2
https://www.trulia.com/p/ca/carlsbad/6613-corte-real-carlsbad-ca-92009--1017964577,6613 Corte Real,Carlsbad,CA,92009,Rancho La Costa,33.110936799949,-117.23022442196,4bd,2ba,1932,single-family home,4922 sqft,Built in 1990,09/14/1998,Sold,$263K,,,,2
https://www.trulia.com/p/ca/carlsbad/7689-sitio-algodon-carlsbad-ca-92009--1009796026,7689 Sitio Algodon,Carlsbad,CA,92009,La Costa Oaks,33.079907658341,-117.22640577099,5bd,4ba,4398,single-family home,0.3 acres,Built in 2006,05/13/2019,Sold,$1.95M,,,,2
https://www.trulia.com/p/ca/carlsbad/7689-sitio-algodon-carlsbad-ca-92009--1009796026,7689 Sitio Algodon,Carlsbad,CA,92009,La Costa Oaks,33.079907658341,-117.22640577099,5bd,4ba,4398,single-family home,0.3 acres,Built in 2006,07/25/2012,Sold,$1.4M,,,,2
https://www.trulia.com/p/ca/carlsbad/7689-sitio-algodon-carlsbad-ca-92009--1009796026,7689 Sitio Algodon,Carlsbad,CA,92009,La Costa Oaks,33.079907658341,-117.22640577099,5bd,4ba,4398,single-family home,0.3 acres,Built in 2006,10/12/2006,Sold,$1.34M,,,,2
https://www.trulia.com/p/ca/carlsbad/7634-nueva-castilla-way-carlsbad-ca-92009--2079341630,7634 Nueva Castilla Way,Carlsbad,CA,92009,Rancho La Costa,33.08541754687,-117.25413589037,3bd,2ba,2125,single-family home,9630 sqft,Built in 1978,11/01/2018,Sold,$830K,,,,
https://www.trulia.com/p/ca/carlsbad/8051-sitio-andalucia-carlsbad-ca-92009--2079343352,8051 Sitio Andalucia,Carlsbad,CA,92009,La Costa Oaks,33.067350969972,-117.2416164736,4bd,4ba,3881,single-family home,,Built in 2003,09/26/2003,Sold,$859K,,,,
https://www.trulia.com/p/ca/carlsbad/2282-aventurine-pl-carlsbad-ca-92009--2079330397,2282 Aventurine Pl,Carlsbad,CA,92009,La Costa Greens,33.105555354258,-117.25630684341,4bd,4ba,3424,single-family home,9653 sqft,Built in 2006,01/17/2018,Sold,$1.09M,,,,2
https://www.trulia.com/p/ca/carlsbad/2282-aventurine-pl-carlsbad-ca-92009--2079330397,2282 Aventurine Pl,Carlsbad,CA,92009,La Costa Greens,33.105555354258,-117.25630684341,4bd,4ba,3424,single-family home,9653 sqft,Built in 2006,06/28/2010,Sold,$754K,,,,2
https://www.trulia.com/p/ca/carlsbad/2282-aventurine-pl-carlsbad-ca-92009--2079330397,2282 Aventurine Pl,Carlsbad,CA,92009,La Costa Greens,33.105555354258,-117.25630684341,4bd,4ba,3424,single-family home,9653 sqft,Built in 2006,04/09/2008,Sold,$853K,,,,2
https://www.trulia.com/p/ca/carlsbad/2282-aventurine-pl-carlsbad-ca-92009--2079330397,2282 Aventurine Pl,Carlsbad,CA,92009,La Costa Greens,33.105555354258,-117.25630684341,4bd,4ba,3424,single-family home,9653 sqft,Built in 2006,09/26/2006,Sold,$972K,,,,2
https://www.trulia.com/p/ca/carlsbad/7811-gaviota-cir-carlsbad-ca-92009--1059525164,7811 Gaviota Cir,Carlsbad,CA,92009,Rancho La Costa,33.079800508978,-117.24492975463,4bd,2ba,1767,single-family home,7075 sqft,Built in 1978,08/10/2015,Sold,$773K,,,,
https://www.trulia.com/p/ca/carlsbad/7811-gaviota-cir-carlsbad-ca-92009--1059525164,7811 Gaviota Cir,Carlsbad,CA,92009,Rancho La Costa,33.079800508978,-117.24492975463,4bd,2ba,1767,single-family home,7075 sqft,Built in 1978,08/03/2011,Sold,$550K,,,,
https://www.trulia.com/p/ca/carlsbad/7930-corte-carolina-carlsbad-ca-92009--2079342872,7930 Corte Carolina,Carlsbad,CA,92009,Rancho La Costa,33.072260542847,-117.24932738602,4bd,3ba,2682,single-family home,,Built in 1990,11/30/1999,Sold,$376K,,,,
https://www.trulia.com/p/ca/carlsbad/6306-edendale-st-carlsbad-ca-92009--2079337749,6306 Edendale St,Carlsbad,CA,92009,Bressi Ranch,33.122608497342,-117.257662309,4bd,3ba,3092,single-family home,5385 sqft,Built in 2005,05/04/2018,Sold,$1M,,,,2
https://www.trulia.com/p/ca/carlsbad/6306-edendale-st-carlsbad-ca-92009--2079337749,6306 Edendale St,Carlsbad,CA,92009,Bressi Ranch,33.122608497342,-117.257662309,4bd,3ba,3092,single-family home,5385 sqft,Built in 2005,02/24/2006,Sold,$832K,,,,2
https://www.trulia.com/p/ca/carlsbad/3105-rancho-montana-carlsbad-ca-92009--2079334622,3105 Rancho Montana,Carlsbad,CA,92009,Rancho Carrillo,33.115915764014,-117.23108912371,4bd,3ba,3408,single-family home,,Built in 2003,08/20/2002,Sold,$603K,,,,
https://www.trulia.com/p/ca/carlsbad/1961-swallow-ln-carlsbad-ca-92009--1028110804,1961 Swallow Ln,Carlsbad,CA,92009,Rancho La Costa,33.108587039883,-117.26739937018,2bd,2ba,1226,condo,13.57 acres,Built in 1982,12/23/2014,Sold,$280K,,,,
https://www.trulia.com/p/ca/carlsbad/1961-swallow-ln-carlsbad-ca-92009--1028110804,1961 Swallow Ln,Carlsbad,CA,92009,Rancho La Costa,33.108587039883,-117.26739937018,2bd,2ba,1226,condo,13.57 acres,Built in 1982,08/31/2011,Sold,$274K,,,,
https://www.trulia.com/p/ca/carlsbad/1961-swallow-ln-carlsbad-ca-92009--1028110804,1961 Swallow Ln,Carlsbad,CA,92009,Rancho La Costa,33.108587039883,-117.26739937018,2bd,2ba,1226,condo,13.57 acres,Built in 1982,05/23/2011,Sold,$336K,,,,
https://www.trulia.com/p/ca/carlsbad/1961-swallow-ln-carlsbad-ca-92009--1028110804,1961 Swallow Ln,Carlsbad,CA,92009,Rancho La Costa,33.108587039883,-117.26739937018,2bd,2ba,1226,condo,13.57 acres,Built in 1982,07/20/2007,Sold,$410K,,,,
https://www.trulia.com/p/ca/carlsbad/2388-botella-pl-carlsbad-ca-92009--1012701194,2388 Botella Pl,Carlsbad,CA,92009,Rancho La Costa,33.083726673502,-117.25626330908,4bd,2ba,2695,single-family home,0.36 acres,Built in 1979,03/30/2011,Sold,$657K,,,,
https://www.trulia.com/p/ca/carlsbad/2388-botella-pl-carlsbad-ca-92009--1012701194,2388 Botella Pl,Carlsbad,CA,92009,Rancho La Costa,33.083726673502,-117.25626330908,4bd,2ba,2695,single-family home,0.36 acres,Built in 1979,06/01/2007,Sold,$799K,,,,
https://www.trulia.com/p/ca/carlsbad/3499-camino-valencia-carlsbad-ca-92009--1012189463,3499 Camino Valencia,Carlsbad,CA,92009,Rancho La Costa,33.110658448281,-117.2296716618,4bd,2ba,1981,single-family home,3349 sqft,Built in 1990,12/27/2016,Sold,$618K,,,,
https://www.trulia.com/p/ca/carlsbad/3499-camino-valencia-carlsbad-ca-92009--1012189463,3499 Camino Valencia,Carlsbad,CA,92009,Rancho La Costa,33.110658448281,-117.2296716618,4bd,2ba,1981,single-family home,3349 sqft,Built in 1990,02/05/2013,Sold,$460K,,,,
https://www.trulia.com/p/ca/carlsbad/3499-camino-valencia-carlsbad-ca-92009--1012189463,3499 Camino Valencia,Carlsbad,CA,92009,Rancho La Costa,33.110658448281,-117.2296716618,4bd,2ba,1981,single-family home,3349 sqft,Built in 1990,08/31/2012,Sold,$315K,,,,
https://www.trulia.com/p/ca/carlsbad/3499-camino-valencia-carlsbad-ca-92009--1012189463,3499 Camino Valencia,Carlsbad,CA,92009,Rancho La Costa,33.110658448281,-117.2296716618,4bd,2ba,1981,single-family home,3349 sqft,Built in 1990,12/27/2001,Sold,$320K,,,,
https://www.trulia.com/p/ca/carlsbad/3499-camino-valencia-carlsbad-ca-92009--1012189463,3499 Camino Valencia,Carlsbad,CA,92009,Rancho La Costa,33.110658448281,-117.2296716618,4bd,2ba,1981,single-family home,3349 sqft,Built in 1990,10/09/2001,Sold,$264K,,,,
https://www.trulia.com/p/ca/carlsbad/7743-lucia-ct-carlsbad-ca-92009--2079342021,7743 Lucia Ct,Carlsbad,CA,92009,Rancho La Costa,33.08280065148,-117.25582631442,3bd,2ba,2067,single-family home,0.26 acres,Built in 1978,03/16/2010,Sold,$575K,,,,
https://www.trulia.com/p/ca/carlsbad/3481-corte-sonrisa-carlsbad-ca-92009--2079336588,3481 Corte Sonrisa,Carlsbad,CA,92009,La Costa Oaks,33.064263811683,-117.23259750781,5bd,3ba,3123,single-family home,9626 sqft,Built in 1997,09/25/2014,Sold,$877K,,,,
https://www.trulia.com/p/ca/carlsbad/3481-corte-sonrisa-carlsbad-ca-92009--2079336588,3481 Corte Sonrisa,Carlsbad,CA,92009,La Costa Oaks,33.064263811683,-117.23259750781,5bd,3ba,3123,single-family home,9626 sqft,Built in 1997,12/27/1996,Sold,$436K,,,,
https://www.trulia.com/p/ca/carlsbad/7917-rocoso-ln-carlsbad-ca-92009--2079342720,7917 Rocoso Ln,Carlsbad,CA,92009,Rancho La Costa,33.07215906026,-117.25392413165,4bd,2ba,1620,single-family home,,Built in 1978,02/02/1995,Sold,$195K,,,,
https://www.trulia.com/p/ca/carlsbad/6131-rancho-brida-carlsbad-ca-92009--2079337259,6131 Rancho Brida,Carlsbad,CA,92009,Rancho Carrillo,33.128192187193,-117.2441795386,2bd,2ba,901,condo,5.14 acres,Built in 2002,09/09/2011,Sold,$240K,,,,
https://www.trulia.com/p/ca/carlsbad/6131-rancho-brida-carlsbad-ca-92009--2079337259,6131 Rancho Brida,Carlsbad,CA,92009,Rancho Carrillo,33.128192187193,-117.2441795386,2bd,2ba,901,condo,5.14 acres,Built in 2002,09/16/2004,Sold,$385K,,,,
https://www.trulia.com/p/ca/carlsbad/3231-sitio-avellana-carlsbad-ca-92009--2079335405,3231 Sitio Avellana,Carlsbad,CA,92009,La Costa Ridge,33.102602722818,-117.23121140658,4bd,4ba,4260,single-family home,,Built in 2010,10/29/2010,Sold,$700K,,,,
https://www.trulia.com/p/ca/carlsbad/3314-calle-san-blas-carlsbad-ca-92009--1139402798,3314 Calle San Blas,Carlsbad,CA,92009,La Costa Oaks,33.0691965545,-117.23528453642,5bd,3ba,2915,single-family home,7652 sqft,Built in 1995,12/05/2014,Sold,$915K,,,,2
https://www.trulia.com/p/ca/carlsbad/3314-calle-san-blas-carlsbad-ca-92009--1139402798,3314 Calle San Blas,Carlsbad,CA,92009,La Costa Oaks,33.0691965545,-117.23528453642,5bd,3ba,2915,single-family home,7652 sqft,Built in 1995,04/02/2014,Sold,$884K,,,,2
https://www.trulia.com/p/ca/carlsbad/3314-calle-san-blas-carlsbad-ca-92009--1139402798,3314 Calle San Blas,Carlsbad,CA,92009,La Costa Oaks,33.0691965545,-117.23528453642,5bd,3ba,2915,single-family home,7652 sqft,Built in 1995,04/10/2003,Sold,$756K,,,,2
https://www.trulia.com/p/ca/carlsbad/3314-calle-san-blas-carlsbad-ca-92009--1139402798,3314 Calle San Blas,Carlsbad,CA,92009,La Costa Oaks,33.0691965545,-117.23528453642,5bd,3ba,2915,single-family home,7652 sqft,Built in 1995,03/28/1995,Sold,$361K,,,,2
https://www.trulia.com/p/ca/carlsbad/3206-avenida-de-sueno-carlsbad-ca-92009--1057355100,3206 Avenida De Sueno,Carlsbad,CA,92009,La Costa Oaks,33.062509246828,-117.24082773534,5bd,4ba,3455,single-family home,0.25 acres,Built in 2003,05/19/2017,Sold,$1.07M,,,,
https://www.trulia.com/p/ca/carlsbad/3206-avenida-de-sueno-carlsbad-ca-92009--1057355100,3206 Avenida De Sueno,Carlsbad,CA,92009,La Costa Oaks,33.062509246828,-117.24082773534,5bd,4ba,3455,single-family home,0.25 acres,Built in 2003,10/16/2006,Sold,$990K,,,,
https://www.trulia.com/p/ca/carlsbad/3206-avenida-de-sueno-carlsbad-ca-92009--1057355100,3206 Avenida De Sueno,Carlsbad,CA,92009,La Costa Oaks,33.062509246828,-117.24082773534,5bd,4ba,3455,single-family home,0.25 acres,Built in 2003,07/31/2002,Sold,$650K,,,,
https://www.trulia.com/p/ca/carlsbad/8056-corte-sasafras-carlsbad-ca-92009--2079343363,8056 Corte Sasafras,Carlsbad,CA,92009,Rancho La Costa,33.074572524763,-117.24750389586,3bd,3ba,2716,single-family home,9730 sqft,Built in 2001,03/04/2019,Sold,$1.12M,,,,
https://www.trulia.com/p/ca/carlsbad/8056-corte-sasafras-carlsbad-ca-92009--2079343363,8056 Corte Sasafras,Carlsbad,CA,92009,Rancho La Costa,33.074572524763,-117.24750389586,3bd,3ba,2716,single-family home,9730 sqft,Built in 2001,08/31/2000,Sold,$502K,,,,
https://www.trulia.com/p/ca/carlsbad/2882-rancho-pancho-carlsbad-ca-92009--1016411529,2882 Rancho Pancho,Carlsbad,CA,92009,Rancho Carrillo,33.117207114284,-117.23936279733,4bd,3ba,3151,single-family home,0.26 acres,Built in 2001,02/26/2010,Sold,$700K,,,,
https://www.trulia.com/p/ca/carlsbad/2882-rancho-pancho-carlsbad-ca-92009--1016411529,2882 Rancho Pancho,Carlsbad,CA,92009,Rancho Carrillo,33.117207114284,-117.23936279733,4bd,3ba,3151,single-family home,0.26 acres,Built in 2001,07/20/2000,Sold,$507K,,,,
https://www.trulia.com/p/ca/carlsbad/2928-via-pepita-carlsbad-ca-92009--2079333816,2928 Via Pepita,Carlsbad,CA,92009,Rancho La Costa,33.068863525706,-117.24754138958,3bd,2ba,1930,single-family home,5042 sqft,Built in 1986,08/31/2011,Sold,$473K,,,,
https://www.trulia.com/p/ca/carlsbad/7518-quinta-st-carlsbad-ca-92009--2079341218,7518 Quinta St,Carlsbad,CA,92009,Rancho La Costa,33.087355134245,-117.24261585001,4bd,3ba,2024,single-family home,6294 sqft,Built in 1978,10/07/2010,Sold,$510K,,,,
https://www.trulia.com/p/ca/carlsbad/7380-altiva-pl-carlsbad-ca-92009--2079340824,7380 Altiva Pl,Carlsbad,CA,92009,Rancho La Costa,33.094718228872,-117.25265033614,1bd,1ba,723,condo,,Built in 1990,10/26/1998,Sold,$102K,,,,
https://www.trulia.com/p/ca/carlsbad/7380-altiva-pl-carlsbad-ca-92009--2079340824,7380 Altiva Pl,Carlsbad,CA,92009,Rancho La Costa,33.094718228872,-117.25265033614,1bd,1ba,723,condo,,Built in 1990,08/20/1993,Sold,$95.5K,,,,
https://www.trulia.com/p/ca/carlsbad/3127-calle-fuego-carlsbad-ca-92009--2079334823,3127 Calle Fuego,Carlsbad,CA,92009,Rancho La Costa,33.090856055656,-117.23948483492,2bd,2ba,1158,condo,10.24 acres,Built in 1988,03/16/2017,Sold,$455K,,,,1
https://www.trulia.com/p/ca/carlsbad/3127-calle-fuego-carlsbad-ca-92009--2079334823,3127 Calle Fuego,Carlsbad,CA,92009,Rancho La Costa,33.090856055656,-117.23948483492,2bd,2ba,1158,condo,10.24 acres,Built in 1988,10/30/2001,Sold,$226K,,,,1
https://www.trulia.com/p/ca/carlsbad/6932-corte-langosta-carlsbad-ca-92009--2079339326,6932 Corte Langosta,Carlsbad,CA,92009,La Costa Ridge,33.102972331873,-117.23927844285,5bd,5ba,4873,single-family home,,Built in 2010,05/19/2010,Sold,$1.07M,,,,
https://www.trulia.com/p/ca/carlsbad/2929-sombrosa-st-carlsbad-ca-92009--2079333825,2929 Sombrosa St,Carlsbad,CA,92009,Rancho La Costa,33.071259510027,-117.24762717735,4bd,2ba,1848,single-family home,,Built in 1987,10/30/1996,Sold,$237K,,,,
https://www.trulia.com/p/ca/carlsbad/7606-camino-abierto-carlsbad-ca-92009--2079341529,7606 Camino Abierto,Carlsbad,CA,92009,Rancho La Costa,33.087866950835,-117.26039373293,3bd,2ba,2419,condo,1.14 acres,Built in 2010,09/23/2011,Sold,$610K,,,,
https://www.trulia.com/p/ca/carlsbad/6979-bixbite-pl-carlsbad-ca-92009--2079339490,6979 Bixbite Pl,Carlsbad,CA,92009,La Costa Greens,33.101339536374,-117.25519076654,4bd,4ba,3424,single-family home,,Built in 2007,01/22/2007,Sold,$958K,,,,
https://www.trulia.com/p/ca/carlsbad/3624-corte-claro-carlsbad-ca-92009--2079336974,3624 Corte Claro,Carlsbad,CA,92009,La Costa Oaks,33.078157159601,-117.21940454071,4bd,4ba,3905,single-family home,,Built in 2015,11/20/2015,Sold,$1.27M,,,,
https://www.trulia.com/p/ca/carlsbad/6008-paseo-airoso-carlsbad-ca-92009--2079337005,6008 Paseo Airoso,Carlsbad,CA,92009,City Center,33.128224284298,-117.23830969335,3bd,2ba,1685,single-family home,,Built in 2000,06/30/2005,Sold,$565K,,,,
https://www.trulia.com/p/ca/carlsbad/6008-paseo-airoso-carlsbad-ca-92009--2079337005,6008 Paseo Airoso,Carlsbad,CA,92009,City Center,33.128224284298,-117.23830969335,3bd,2ba,1685,single-family home,,Built in 2000,08/27/2001,Sold,$310K,,,,
https://www.trulia.com/p/ca/carlsbad/6008-paseo-airoso-carlsbad-ca-92009--2079337005,6008 Paseo Airoso,Carlsbad,CA,92009,City Center,33.128224284298,-117.23830969335,3bd,2ba,1685,single-family home,,Built in 2000,03/16/2000,Sold,$245K,,,,
https://www.trulia.com/p/ca/carlsbad/6316-greenhaven-dr-carlsbad-ca-92009--2079337779,6316 Greenhaven Dr,Carlsbad,CA,92009,Bressi Ranch,33.122375670493,-117.25667448352,3bd,2ba,2812,single-family home,,Built in 2006,04/26/2006,Sold,$735K,,,,
https://www.trulia.com/p/ca/carlsbad/6924-sitio-cordero-carlsbad-ca-92009--2079339307,6924 Sitio Cordero,Carlsbad,CA,92009,La Costa Ridge,33.10068116459,-117.23834909286,4bd,4ba,5039,single-family home,,Built in 2007,12/06/2007,Sold,$1.45M,,,,
https://www.trulia.com/p/ca/carlsbad/7903-corte-felipe-carlsbad-ca-92009--2079342588,7903 Corte Felipe,Carlsbad,CA,92009,Rancho La Costa,33.073824639365,-117.24758243808,4bd,2ba,2854,single-family home,10543 sqft,Built in 1988,04/17/2017,Sold,$965K,,,,2
https://www.trulia.com/p/ca/carlsbad/2804-cacatua-st-c-carlsbad-ca-92009--2079332997,2804 Cacatua St #C,Carlsbad,CA,92009,Rancho La Costa,33.109795744852,-117.24392376512,4bd,4ba,1801,condo,,Built in 1985,11/21/1997,Sold,$198K,,,,
https://www.trulia.com/p/ca/carlsbad/6957-corte-langosta-carlsbad-ca-92009--1008556895,6957 Corte Langosta,Carlsbad,CA,92009,La Costa Ridge,33.10279981709,-117.23745368604,5bd,5ba,4873,single-family home,0.32 acres,Built in 2007,11/29/2016,Sold,$1.44M,,,,
https://www.trulia.com/p/ca/carlsbad/2319-kyanite-pl-carlsbad-ca-92009--2079330558,2319 Kyanite Pl,Carlsbad,CA,92009,La Costa Greens,33.117722302941,-117.25945130008,4bd,4ba,4601,single-family home,10403 sqft,Built in 2010,03/22/2019,Sold,$1.67M,,,,2
https://www.trulia.com/p/ca/carlsbad/2319-kyanite-pl-carlsbad-ca-92009--2079330558,2319 Kyanite Pl,Carlsbad,CA,92009,La Costa Greens,33.117722302941,-117.25945130008,4bd,4ba,4601,single-family home,10403 sqft,Built in 2010,09/23/2010,Sold,$1.1M,,,,2
https://www.trulia.com/p/ca/carlsbad/6776-estrella-de-mar-rd-carlsbad-ca-92009--2079338787,6776 Estrella De Mar Rd,Carlsbad,CA,92009,La Costa Greens,33.110140148972,-117.26430585174,4bd,3ba,2742,single-family home,9939 sqft,Built in 2008,04/29/2011,Sold,$878K,,,,
https://www.trulia.com/p/ca/carlsbad/6776-estrella-de-mar-rd-carlsbad-ca-92009--2079338787,6776 Estrella De Mar Rd,Carlsbad,CA,92009,La Costa Greens,33.110140148972,-117.26430585174,4bd,3ba,2742,single-family home,9939 sqft,Built in 2008,05/29/2008,Sold,$933K,,,,
https://www.trulia.com/p/ca/carlsbad/3310-calle-san-blas-carlsbad-ca-92009--2079335733,3310 Calle San Blas,Carlsbad,CA,92009,La Costa Oaks,33.068986563113,-117.23568074967,4bd,3ba,2655,single-family home,7111 sqft,Built in 1995,06/02/2017,Sold,$996K,,,,
https://www.trulia.com/p/ca/carlsbad/3310-calle-san-blas-carlsbad-ca-92009--2079335733,3310 Calle San Blas,Carlsbad,CA,92009,La Costa Oaks,33.068986563113,-117.23568074967,4bd,3ba,2655,single-family home,7111 sqft,Built in 1995,02/03/1995,Sold,$351K,,,,
https://www.trulia.com/p/ca/carlsbad/7242-carpa-ct-carlsbad-ca-92009--2079340216,7242 Carpa Ct,Carlsbad,CA,92009,La Costa Ridge,33.091385591275,-117.23031149651,5bd,3ba,3066,single-family home,0.45 acres,Built in 1979,09/30/2016,Sold,$1M,,,,
https://www.trulia.com/p/ca/carlsbad/3133-camino-del-arco-carlsbad-ca-92009--2079334867,3133 Camino Del Arco,Carlsbad,CA,92009,Rancho La Costa,33.092263917576,-117.24254030859,2bd,2ba,1158,condo,,Built in 1988,09/29/1993,Sold,$140K,,,,
https://www.trulia.com/p/ca/carlsbad/3128-vista-grande-carlsbad-ca-92009--2079334836,3128 Vista Grande,Carlsbad,CA,92009,Rancho La Costa,33.093818296059,-117.24106890794,2bd,2ba,1158,condo,,Built in 1987,07/01/1999,Sold,$169K,,,,
https://www.trulia.com/p/ca/carlsbad/2677-echo-ave-carlsbad-ca-92009--2079332564,2677 Echo Ave,Carlsbad,CA,92009,Bressi Ranch,33.122359079813,-117.25354632754,4bd,4ba,3815,single-family home,,Built in 2005,04/19/2006,Sold,$989K,,,,
https://www.trulia.com/p/ca/carlsbad/3117-quebrada-ct-carlsbad-ca-92009--2079334753,3117 Quebrada Ct,Carlsbad,CA,92009,Rancho La Costa,33.076929659042,-117.23966727567,3bd,2ba,1542,single-family home,0.36 acres,Built in 1977,08/07/2018,Sold,$809K,,,,1
https://www.trulia.com/p/ca/carlsbad/3117-quebrada-ct-carlsbad-ca-92009--2079334753,3117 Quebrada Ct,Carlsbad,CA,92009,Rancho La Costa,33.076929659042,-117.23966727567,3bd,2ba,1542,single-family home,0.36 acres,Built in 1977,05/18/2000,Sold,$310K,,,,1
https://www.trulia.com/p/ca/carlsbad/2948-rancho-brasado-carlsbad-ca-92009--1003514420,2948 Rancho Brasado,Carlsbad,CA,92009,Rancho Carrillo,33.116002444754,-117.23669390453,5bd,4ba,4055,single-family home,0.26 acres,Built in 2001,11/30/2016,Sold,$1.1M,,,,2
https://www.trulia.com/p/ca/carlsbad/2948-rancho-brasado-carlsbad-ca-92009--1003514420,2948 Rancho Brasado,Carlsbad,CA,92009,Rancho Carrillo,33.116002444754,-117.23669390453,5bd,4ba,4055,single-family home,0.26 acres,Built in 2001,04/10/2000,Sold,$533K,,,,2
https://www.trulia.com/p/ca/carlsbad/3410-sitio-sandia-carlsbad-ca-92009--2079336163,3410 Sitio Sandia,Carlsbad,CA,92009,La Costa Oaks,33.081189344734,-117.2303904081,5bd,5ba,4037,single-family home,10215 sqft,Built in 2014,04/12/2018,Sold,$1.73M,,,,2
https://www.trulia.com/p/ca/carlsbad/3410-sitio-sandia-carlsbad-ca-92009--2079336163,3410 Sitio Sandia,Carlsbad,CA,92009,La Costa Oaks,33.081189344734,-117.2303904081,5bd,5ba,4037,single-family home,10215 sqft,Built in 2014,08/22/2014,Sold,$1.23M,,,,2
https://www.trulia.com/p/ca/carlsbad/7860-grado-cipreso-carlsbad-ca-92009--1059540967,7860 Grado Cipreso,Carlsbad,CA,92009,Rancho La Costa,33.077463662956,-117.25684284723,3bd,2ba,1963,single-family home,6825 sqft,Built in 1999,11/04/1998,Sold,$328K,,,,
https://www.trulia.com/p/ca/carlsbad/7925-arbusto-ct-carlsbad-ca-92009--2079342820,7925 Arbusto Ct,Carlsbad,CA,92009,Rancho La Costa,33.071426442475,-117.25784376455,4bd,2ba,1620,single-family home,,Built in 1978,02/16/2001,Sold,$310K,,,,
https://www.trulia.com/p/ca/carlsbad/3172-corte-tradicion-carlsbad-ca-92009--1026793529,3172 Corte Tradicion,Carlsbad,CA,92009,Rancho La Costa,33.082210327451,-117.23894754308,4bd,3ba,2843,single-family home,4025 sqft,Built in 2005,06/25/2012,Sold,$525K,,,,
https://www.trulia.com/p/ca/carlsbad/2032-playa-rd-carlsbad-ca-92009--2079329919,2032 Playa Rd,Carlsbad,CA,92009,Rancho La Costa,33.096603681511,-117.26565775472,4bd,3ba,4007,single-family home,,Built in 1966,06/05/2012,Sold,$925K,,,,
https://www.trulia.com/p/ca/carlsbad/2032-playa-rd-carlsbad-ca-92009--2079329919,2032 Playa Rd,Carlsbad,CA,92009,Rancho La Costa,33.096603681511,-117.26565775472,4bd,3ba,4007,single-family home,,Built in 1966,09/17/1999,Sold,$652K,,,,
https://www.trulia.com/p/ca/carlsbad/3036-avenida-christina-carlsbad-ca-92009--2079334401,3036 Avenida Christina,Carlsbad,CA,92009,Rancho La Costa,33.1126451856,-117.23398883204,3bd,2ba,1350,condo,8.69 acres,Built in 1983,05/28/2010,Sold,$365K,,,,
https://www.trulia.com/p/ca/carlsbad/3036-avenida-christina-carlsbad-ca-92009--2079334401,3036 Avenida Christina,Carlsbad,CA,92009,Rancho La Costa,33.1126451856,-117.23398883204,3bd,2ba,1350,condo,8.69 acres,Built in 1983,01/05/2006,Sold,$435K,,,,
https://www.trulia.com/p/ca/carlsbad/3036-avenida-christina-carlsbad-ca-92009--2079334401,3036 Avenida Christina,Carlsbad,CA,92009,Rancho La Costa,33.1126451856,-117.23398883204,3bd,2ba,1350,condo,8.69 acres,Built in 1983,12/31/2003,Sold,$350K,,,,
https://www.trulia.com/p/ca/carlsbad/3036-avenida-christina-carlsbad-ca-92009--2079334401,3036 Avenida Christina,Carlsbad,CA,92009,Rancho La Costa,33.1126451856,-117.23398883204,3bd,2ba,1350,condo,8.69 acres,Built in 1983,12/08/2000,Sold,$218K,,,,
https://www.trulia.com/p/ca/carlsbad/6776-malachite-pl-carlsbad-ca-92009--2079338788,6776 Malachite Pl,Carlsbad,CA,92009,La Costa Greens,33.111854481804,-117.25857921277,4bd,4ba,4164,single-family home,,Built in 2006,02/28/2007,Sold,$1M,,,,
https://www.trulia.com/p/ca/carlsbad/7843-sitio-coco-carlsbad-ca-92009--2079342468,7843 Sitio Coco,Carlsbad,CA,92009,Rancho La Costa,33.078064992573,-117.25638651832,3bd,3ba,3080,single-family home,9221 sqft,Built in 2000,05/01/2015,Sold,$1.05M,,,,
https://www.trulia.com/p/ca/carlsbad/7843-sitio-coco-carlsbad-ca-92009--2079342468,7843 Sitio Coco,Carlsbad,CA,92009,Rancho La Costa,33.078064992573,-117.25638651832,3bd,3ba,3080,single-family home,9221 sqft,Built in 2000,06/14/2005,Sold,$975K,,,,
https://www.trulia.com/p/ca/carlsbad/7843-sitio-coco-carlsbad-ca-92009--2079342468,7843 Sitio Coco,Carlsbad,CA,92009,Rancho La Costa,33.078064992573,-117.25638651832,3bd,3ba,3080,single-family home,9221 sqft,Built in 2000,09/05/2002,Sold,$655K,,,,
https://www.trulia.com/p/ca/carlsbad/7843-sitio-coco-carlsbad-ca-92009--2079342468,7843 Sitio Coco,Carlsbad,CA,92009,Rancho La Costa,33.078064992573,-117.25638651832,3bd,3ba,3080,single-family home,9221 sqft,Built in 2000,08/06/1999,Sold,$377K,,,,
https://www.trulia.com/p/ca/carlsbad/2124-saliente-way-carlsbad-ca-92009--2079330001,2124 Saliente Way,Carlsbad,CA,92009,Rancho La Costa,33.085599785998,-117.2630068496,3bd,2ba,2833,single-family home,,Built in 1978,08/06/1998,Sold,$460K,,,,
https://www.trulia.com/p/ca/carlsbad/3244-avenida-la-cima-carlsbad-ca-92009--2079335482,3244 Avenida La Cima,Carlsbad,CA,92009,La Costa Oaks,33.064513742034,-117.24004183,5bd,4ba,4040,single-family home,10185 sqft,Built in 2003,11/22/2005,Sold,$1.27M,,,,
https://www.trulia.com/p/ca/carlsbad/3244-avenida-la-cima-carlsbad-ca-92009--2079335482,3244 Avenida La Cima,Carlsbad,CA,92009,La Costa Oaks,33.064513742034,-117.24004183,5bd,4ba,4040,single-family home,10185 sqft,Built in 2003,04/29/2003,Sold,$834K,,,,
https://www.trulia.com/p/ca/carlsbad/2811-cacatua-st-carlsbad-ca-92009--2079333064,2811 Cacatua St,Carlsbad,CA,92009,Rancho La Costa,33.110133917931,-117.2433320466,3bd,2ba,2304,single-family home,9036 sqft,Built in 1978,04/22/2005,Sold,$686K,,,,
https://www.trulia.com/p/ca/carlsbad/2811-cacatua-st-carlsbad-ca-92009--2079333064,2811 Cacatua St,Carlsbad,CA,92009,Rancho La Costa,33.110133917931,-117.2433320466,3bd,2ba,2304,single-family home,9036 sqft,Built in 1978,12/21/2001,Sold,$438K,,,,
https://www.trulia.com/p/ca/carlsbad/2811-cacatua-st-carlsbad-ca-92009--2079333064,2811 Cacatua St,Carlsbad,CA,92009,Rancho La Costa,33.110133917931,-117.2433320466,3bd,2ba,2304,single-family home,9036 sqft,Built in 1978,02/28/1995,Sold,$225K,,,,
https://www.trulia.com/p/ca/carlsbad/7934-corte-domingo-carlsbad-ca-92009--2079342908,7934 Corte Domingo,Carlsbad,CA,92009,La Costa Oaks,33.06942809618,-117.22819668209,6bd,4ba,4620,single-family home,0.69 acres,Built in 2000,07/05/2011,Sold,$1.35M,,,,
https://www.trulia.com/p/ca/carlsbad/6717-limonite-ct-carlsbad-ca-92009--2079338626,6717 Limonite Ct,Carlsbad,CA,92009,La Costa Greens,33.109948877503,-117.26768786979,3bd,2ba,2448,single-family home,5403 sqft,Built in 2007,10/18/2013,Sold,$730K,,,,
https://www.trulia.com/p/ca/carlsbad/6717-limonite-ct-carlsbad-ca-92009--2079338626,6717 Limonite Ct,Carlsbad,CA,92009,La Costa Greens,33.109948877503,-117.26768786979,3bd,2ba,2448,single-family home,5403 sqft,Built in 2007,12/11/2007,Sold,$677K,,,,
https://www.trulia.com/p/ca/carlsbad/2705-paradise-rd-carlsbad-ca-92009--2079332652,2705 Paradise Rd,Carlsbad,CA,92009,Bressi Ranch,33.125089321717,-117.25400483415,4bd,3ba,2708,single-family home,4536 sqft,Built in 2005,02/28/2013,Sold,$594K,,,,
https://www.trulia.com/p/ca/carlsbad/2705-paradise-rd-carlsbad-ca-92009--2079332652,2705 Paradise Rd,Carlsbad,CA,92009,Bressi Ranch,33.125089321717,-117.25400483415,4bd,3ba,2708,single-family home,4536 sqft,Built in 2005,05/27/2005,Sold,$778K,,,,
https://www.trulia.com/p/ca/carlsbad/6281-paseo-privado-carlsbad-ca-92009--1039361071,6281 Paseo Privado,Carlsbad,CA,92009,Rancho Carrillo,33.122368969932,-117.23241253707,5bd,5ba,3906,single-family home,8742 sqft,Built in 2002,10/10/2017,Sold,$1.09M,,,,
https://www.trulia.com/p/ca/carlsbad/6281-paseo-privado-carlsbad-ca-92009--1039361071,6281 Paseo Privado,Carlsbad,CA,92009,Rancho Carrillo,33.122368969932,-117.23241253707,5bd,5ba,3906,single-family home,8742 sqft,Built in 2002,07/15/2011,Sold,$770K,,,,
https://www.trulia.com/p/ca/carlsbad/6281-paseo-privado-carlsbad-ca-92009--1039361071,6281 Paseo Privado,Carlsbad,CA,92009,Rancho Carrillo,33.122368969932,-117.23241253707,5bd,5ba,3906,single-family home,8742 sqft,Built in 2002,04/01/2005,Sold,$1.08M,,,,
https://www.trulia.com/p/ca/carlsbad/6281-paseo-privado-carlsbad-ca-92009--1039361071,6281 Paseo Privado,Carlsbad,CA,92009,Rancho Carrillo,33.122368969932,-117.23241253707,5bd,5ba,3906,single-family home,8742 sqft,Built in 2002,07/03/2003,Sold,$770K,,,,
https://www.trulia.com/p/ca/carlsbad/6281-paseo-privado-carlsbad-ca-92009--1039361071,6281 Paseo Privado,Carlsbad,CA,92009,Rancho Carrillo,33.122368969932,-117.23241253707,5bd,5ba,3906,single-family home,8742 sqft,Built in 2002,09/26/2001,Sold,$739K,,,,
https://www.trulia.com/p/ca/carlsbad/6106-rancho-brida-carlsbad-ca-92009--1002177609,6106 Rancho Brida,Carlsbad,CA,92009,Rancho Carrillo,33.128192187193,-117.2441795386,3bd,2ba,1044,condo,5.14 acres,Built in 2002,08/07/2018,Sold,$450K,,,,
https://www.trulia.com/p/ca/carlsbad/6106-rancho-brida-carlsbad-ca-92009--1002177609,6106 Rancho Brida,Carlsbad,CA,92009,Rancho Carrillo,33.128192187193,-117.2441795386,3bd,2ba,1044,condo,5.14 acres,Built in 2002,07/18/2013,Sold,$330K,,,,
https://www.trulia.com/p/ca/carlsbad/6106-rancho-brida-carlsbad-ca-92009--1002177609,6106 Rancho Brida,Carlsbad,CA,92009,Rancho Carrillo,33.128192187193,-117.2441795386,3bd,2ba,1044,condo,5.14 acres,Built in 2002,11/21/2008,Sold,$295K,,,,
https://www.trulia.com/p/ca/carlsbad/6106-rancho-brida-carlsbad-ca-92009--1002177609,6106 Rancho Brida,Carlsbad,CA,92009,Rancho Carrillo,33.128192187193,-117.2441795386,3bd,2ba,1044,condo,5.14 acres,Built in 2002,08/04/2008,Sold,$240K,,,,
https://www.trulia.com/p/ca/carlsbad/6106-rancho-brida-carlsbad-ca-92009--1002177609,6106 Rancho Brida,Carlsbad,CA,92009,Rancho Carrillo,33.128192187193,-117.2441795386,3bd,2ba,1044,condo,5.14 acres,Built in 2002,10/28/2005,Sold,$387K,,,,
https://www.trulia.com/p/ca/carlsbad/3215-calle-vallarta-carlsbad-ca-92009--2079335271,3215 Calle Vallarta,Carlsbad,CA,92009,La Costa Oaks,33.06778888333,-117.24332903384,4bd,3ba,1724,single-family home,5470 sqft,Built in 1986,07/26/2019,Sold,$880K,,,,
https://www.trulia.com/p/ca/carlsbad/3215-calle-vallarta-carlsbad-ca-92009--2079335271,3215 Calle Vallarta,Carlsbad,CA,92009,La Costa Oaks,33.06778888333,-117.24332903384,4bd,3ba,1724,single-family home,5470 sqft,Built in 1986,02/11/2003,Sold,$470K,,,,
https://www.trulia.com/p/ca/carlsbad/3215-calle-vallarta-carlsbad-ca-92009--2079335271,3215 Calle Vallarta,Carlsbad,CA,92009,La Costa Oaks,33.06778888333,-117.24332903384,4bd,3ba,1724,single-family home,5470 sqft,Built in 1986,06/19/1998,Sold,$288K,,,,
https://www.trulia.com/p/ca/carlsbad/3201-sello-ln-112-carlsbad-ca-92009--2079335105,3201 Sello Ln #112,Carlsbad,CA,92009,Rancho La Costa,33.109157892253,-117.237378711,2bd,2ba,968,condo,10.15 acres,Built in 1993,01/14/2011,Sold,$270K,,,,2
https://www.trulia.com/p/ca/carlsbad/3201-sello-ln-112-carlsbad-ca-92009--2079335105,3201 Sello Ln #112,Carlsbad,CA,92009,Rancho La Costa,33.109157892253,-117.237378711,2bd,2ba,968,condo,10.15 acres,Built in 1993,04/15/1998,Sold,$130K,,,,2
https://www.trulia.com/p/ca/carlsbad/2859-vista-acedera-carlsbad-ca-92009--2079333417,2859 Vista Acedera,Carlsbad,CA,92009,Rancho La Costa,33.075259475441,-117.25187962323,5bd,3ba,3423,single-family home,,Built in 2002,11/09/2004,Sold,$975K,,,,
https://www.trulia.com/p/ca/carlsbad/2859-vista-acedera-carlsbad-ca-92009--2079333417,2859 Vista Acedera,Carlsbad,CA,92009,Rancho La Costa,33.075259475441,-117.25187962323,5bd,3ba,3423,single-family home,,Built in 2002,09/17/2004,Sold,$782K,,,,
https://www.trulia.com/p/ca/carlsbad/2859-vista-acedera-carlsbad-ca-92009--2079333417,2859 Vista Acedera,Carlsbad,CA,92009,Rancho La Costa,33.075259475441,-117.25187962323,5bd,3ba,3423,single-family home,,Built in 2002,07/25/2001,Sold,$567K,,,,
https://www.trulia.com/p/ca/carlsbad/2759-ascot-ave-carlsbad-ca-92009--2079332901,2759 Ascot Ave,Carlsbad,CA,92009,Bressi Ranch,33.118290828548,-117.25039586538,4bd,3ba,2607,single-family home,4500 sqft,Built in 2006,09/29/2017,Sold,$900K,,,,
https://www.trulia.com/p/ca/carlsbad/2759-ascot-ave-carlsbad-ca-92009--2079332901,2759 Ascot Ave,Carlsbad,CA,92009,Bressi Ranch,33.118290828548,-117.25039586538,4bd,3ba,2607,single-family home,4500 sqft,Built in 2006,05/26/2006,Sold,$686K,,,,
https://www.trulia.com/p/ca/carlsbad/7501-brava-st-carlsbad-ca-92009--2079341108,7501 Brava St,Carlsbad,CA,92009,Rancho La Costa,33.08775187013,-117.24050320162,4bd,2ba,1988,single-family home,,Built in 1978,03/30/2017,Sold,$720K,,,,
https://www.trulia.com/p/ca/carlsbad/7501-brava-st-carlsbad-ca-92009--2079341108,7501 Brava St,Carlsbad,CA,92009,Rancho La Costa,33.08775187013,-117.24050320162,4bd,2ba,1988,single-family home,,Built in 1978,04/05/2012,Sold,$500K,,,,
https://www.trulia.com/p/ca/carlsbad/6241-shamrock-pl-carlsbad-ca-92009--2079337609,6241 Shamrock Pl,Carlsbad,CA,92009,Bressi Ranch,33.127029626507,-117.25587325562,2bd,1ba,863,condo,5.69 acres,Built in 2005,08/02/2013,Sold,$270K,,,,2
https://www.trulia.com/p/ca/carlsbad/6241-shamrock-pl-carlsbad-ca-92009--2079337609,6241 Shamrock Pl,Carlsbad,CA,92009,Bressi Ranch,33.127029626507,-117.25587325562,2bd,1ba,863,condo,5.69 acres,Built in 2005,05/27/2005,Sold,$375K,,,,2
https://www.trulia.com/p/ca/carlsbad/2709-paradise-rd-carlsbad-ca-92009--1056939873,2709 Paradise Rd,Carlsbad,CA,92009,Bressi Ranch,33.125111143307,-117.25386613387,3bd,3ba,2476,single-family home,4536 sqft,Built in 2005,10/09/2012,Sold,$622K,,,,
https://www.trulia.com/p/ca/carlsbad/2709-paradise-rd-carlsbad-ca-92009--1056939873,2709 Paradise Rd,Carlsbad,CA,92009,Bressi Ranch,33.125111143307,-117.25386613387,3bd,3ba,2476,single-family home,4536 sqft,Built in 2005,05/26/2005,Sold,$722K,,,,
https://www.trulia.com/p/ca/carlsbad/7430-solano-st-carlsbad-ca-92009--2079340953,7430 Solano St,Carlsbad,CA,92009,Rancho La Costa,33.08943284635,-117.24322030077,3bd,2ba,1679,single-family home,7034 sqft,Built in 1986,08/29/2017,Sold,$810K,,,,1
https://www.trulia.com/p/ca/carlsbad/7430-solano-st-carlsbad-ca-92009--2079340953,7430 Solano St,Carlsbad,CA,92009,Rancho La Costa,33.08943284635,-117.24322030077,3bd,2ba,1679,single-family home,7034 sqft,Built in 1986,12/22/2006,Sold,$625K,,,,1
https://www.trulia.com/p/ca/carlsbad/7430-solano-st-carlsbad-ca-92009--2079340953,7430 Solano St,Carlsbad,CA,92009,Rancho La Costa,33.08943284635,-117.24322030077,3bd,2ba,1679,single-family home,7034 sqft,Built in 1986,03/03/2006,Sold,$550K,,,,1
https://www.trulia.com/p/ca/carlsbad/3037-via-estrada-carlsbad-ca-92009--1002371734,3037 Via Estrada,Carlsbad,CA,92009,Rancho La Costa,33.111114833769,-117.23694808655,3bd,2ba,1501,condo,5.38 acres,Built in 1986,07/11/2013,Sold,$329K,,,,
https://www.trulia.com/p/ca/carlsbad/3037-via-estrada-carlsbad-ca-92009--1002371734,3037 Via Estrada,Carlsbad,CA,92009,Rancho La Costa,33.111114833769,-117.23694808655,3bd,2ba,1501,condo,5.38 acres,Built in 1986,03/28/2005,Sold,$475K,,,,
https://www.trulia.com/p/ca/carlsbad/3037-via-estrada-carlsbad-ca-92009--1002371734,3037 Via Estrada,Carlsbad,CA,92009,Rancho La Costa,33.111114833769,-117.23694808655,3bd,2ba,1501,condo,5.38 acres,Built in 1986,06/27/2001,Sold,$255K,,,,
https://www.trulia.com/p/ca/carlsbad/3037-via-estrada-carlsbad-ca-92009--1002371734,3037 Via Estrada,Carlsbad,CA,92009,Rancho La Costa,33.111114833769,-117.23694808655,3bd,2ba,1501,condo,5.38 acres,Built in 1986,01/02/1998,Sold,$150K,,,,
https://www.trulia.com/p/ca/carlsbad/3037-via-estrada-carlsbad-ca-92009--1002371734,3037 Via Estrada,Carlsbad,CA,92009,Rancho La Costa,33.111114833769,-117.23694808655,3bd,2ba,1501,condo,5.38 acres,Built in 1986,07/15/1997,Sold,$141K,,,,
https://www.trulia.com/p/ca/carlsbad/3341-del-rio-ct-carlsbad-ca-92009--2079335993,3341 Del Rio Ct,Carlsbad,CA,92009,Rancho La Costa,33.084146958361,-117.2352691114,3bd,2ba,1849,condo,,Built in 1980,10/30/2002,Sold,$390K,,,,
https://www.trulia.com/p/ca/carlsbad/3341-del-rio-ct-carlsbad-ca-92009--2079335993,3341 Del Rio Ct,Carlsbad,CA,92009,Rancho La Costa,33.084146958361,-117.2352691114,3bd,2ba,1849,condo,,Built in 1980,03/22/1999,Sold,$240K,,,,
https://www.trulia.com/p/ca/carlsbad/2692-bressi-ranch-way-carlsbad-ca-92009--1046304426,2692 Bressi Ranch Way,Carlsbad,CA,92009,Bressi Ranch,33.124689602281,-117.25436962675,4bd,3ba,2693,single-family home,5437 sqft,Built in 2005,03/24/2005,Sold,$741K,,,,
https://www.trulia.com/p/ca/carlsbad/2909-corte-celeste-carlsbad-ca-92009--2079333651,2909 Corte Celeste,Carlsbad,CA,92009,Rancho La Costa,33.068686228243,-117.24898219233,3bd,2ba,1930,single-family home,6584 sqft,Built in 1986,09/13/2012,Sold,$605K,,,,
https://www.trulia.com/p/ca/carlsbad/7887-sitio-abeto-carlsbad-ca-92009--2079342561,7887 Sitio Abeto,Carlsbad,CA,92009,Rancho La Costa,33.076496990106,-117.24610627481,5bd,4ba,3904,single-family home,0.27 acres,Built in 2002,05/16/2008,Sold,$1.23M,,,,
https://www.trulia.com/p/ca/carlsbad/7887-sitio-abeto-carlsbad-ca-92009--2079342561,7887 Sitio Abeto,Carlsbad,CA,92009,Rancho La Costa,33.076496990106,-117.24610627481,5bd,4ba,3904,single-family home,0.27 acres,Built in 2002,08/28/2001,Sold,$679K,,,,
https://www.trulia.com/p/ca/carlsbad/6796-malachite-pl-carlsbad-ca-92009--1001747392,6796 Malachite Pl,Carlsbad,CA,92009,La Costa Greens,33.110794948684,-117.25833945921,5bd,4ba,4193,single-family home,10103 sqft,Built in 2006,10/31/2013,Sold,$1.15M,,,,
https://www.trulia.com/p/ca/carlsbad/6796-malachite-pl-carlsbad-ca-92009--1001747392,6796 Malachite Pl,Carlsbad,CA,92009,La Costa Greens,33.110794948684,-117.25833945921,5bd,4ba,4193,single-family home,10103 sqft,Built in 2006,03/30/2011,Sold,$867K,,,,
https://www.trulia.com/p/ca/carlsbad/6646-titanite-pl-carlsbad-ca-92009--1001877118,6646 Titanite Pl,Carlsbad,CA,92009,La Costa Greens,33.117253390929,-117.25688899608,4bd,4ba,3217,single-family home,5739 sqft,Built in 2011,03/06/2013,Sold,$788K,,,,
https://www.trulia.com/p/ca/carlsbad/6646-titanite-pl-carlsbad-ca-92009--1001877118,6646 Titanite Pl,Carlsbad,CA,92009,La Costa Greens,33.117253390929,-117.25688899608,4bd,4ba,3217,single-family home,5739 sqft,Built in 2011,08/25/2011,Sold,$723K,,,,
https://www.trulia.com/p/ca/carlsbad/6878-via-borregos-carlsbad-ca-92009--2079339169,6878 Via Borregos,Carlsbad,CA,92009,Rancho La Costa,33.105185891533,-117.22805898665,4bd,2ba,1921,single-family home,,Built in 2002,04/20/2001,Sold,$335K,,,,
https://www.trulia.com/p/ca/carlsbad/6231-via-trato-carlsbad-ca-92009--1058960249,6231 Via Trato,Carlsbad,CA,92009,Rancho Carrillo,33.120463417012,-117.23383126809,3bd,3ba,1292,condo,0.8 acres,Built in 2002,08/01/2012,Sold,$286K,,,,
https://www.trulia.com/p/ca/carlsbad/6231-via-trato-carlsbad-ca-92009--1058960249,6231 Via Trato,Carlsbad,CA,92009,Rancho Carrillo,33.120463417012,-117.23383126809,3bd,3ba,1292,condo,0.8 acres,Built in 2002,01/22/2002,Sold,$253K,,,,
